iteration,raw_accuracy,accuracy,sft_selected,preference_pairs,selection_rate,effective_threshold
0,0.7029,0.7029,6332,0,0.7875621890547264,0.5
1,0.7514,0.7514,6388,0,0.7945273631840796,0.5
2,0.7357,0.7357,6588,0,0.8194029850746268,0.5
3,0.7457,0.7457,6664,0,0.8288557213930349,0.5
4,0.7357,0.7357,6804,0,0.8462686567164179,0.5
