{
    "epoch": 2.0,
    "total_flos": 8.576535765245952e+16,
    "train_loss": 0.08171832967888225,
    "train_runtime": 1331.7588,
    "train_samples_per_second": 2.64,
    "train_steps_per_second": 0.165
}