iteration,accuracy,sft_selected,preference_pairs,selection_rate
0,0.82,6740,428,0.8383084577114428
1,0.8043,6916,367,0.8601990049751244
2,0.8214,7012,332,0.8721393034825871
